scenario,variant,iter,keygen_cycles,decaps_cycles,keygen_us,decaps_us,handshake_us,net_latency_us,jitter_us,energy_uj,reconnect_us,reconnect_energy_uj,rssi_dbm,packet_loss,ss_dec_hex,pub_bytes,ct_bytes,overhead_bytes,heap_free,heap_min,stack_hwm_bytes,cpu_util_percent,encaps_us,ss_enc_hex,ss_valid
s1,ML-KEM-1024,0,3095353,4166824,19348,26044,131053,83145,0,79037,16020695,8902653,-18,0,3105c8883b7ae69c7092c8f275ecc6938b7ae3330b15d2bbbeb3181ad07d5a63,1572,1572,58,220380,215176,10852,34.64,2293,3105c8883b7ae69c7092c8f275ecc6938b7ae3330b15d2bbbeb3181ad07d5a63,1
s1,ML-KEM-1024,1,3074322,4076496,19217,25480,122347,74906,8239,72850,16052713,8982835,-18,0,52e05c7437b0e5c3d9021a25244e60750693e242324af43847886d08cb2a3a59,1572,1572,58,219968,214980,10852,36.53,2075,52e05c7437b0e5c3d9021a25244e60750693e242324af43847886d08cb2a3a59,1
s1,ML-KEM-1024,2,3096734,4097159,19357,25609,114146,66321,8585,68394,16027956,8902357,-19,0,422cd0db7489aab2afc1228082e03f2e54846495578e052a86f8da15efe14bc9,1572,1572,58,219756,214768,10820,39.39,2050,422cd0db7489aab2afc1228082e03f2e54846495578e052a86f8da15efe14bc9,1
s1,ML-KEM-1024,3,3074330,4078028,19217,25489,112980,65449,872,68007,16089804,8972862,-19,0,1ace63341c42a426734eebc60cba89cad10c06189b0cc09b817e0cb205d27d6f,1572,1572,58,219544,214320,10820,39.57,2054,1ace63341c42a426734eebc60cba89cad10c06189b0cc09b817e0cb205d27d6f,1
s1,ML-KEM-1024,4,3193101,4076791,19959,25481,111840,63633,1816,67460,16012589,8951341,-19,0,08bd49b895ca56243fb30a140ef4d8f5fe06f77387ef3fd7f17a0399ecf3570b,1572,1572,58,219332,214320,10820,40.63,2076,08bd49b895ca56243fb30a140ef4d8f5fe06f77387ef3fd7f17a0399ecf3570b,1
s1,ML-KEM-1024,5,3073648,4131179,19212,25821,113219,65758,2125,69040,16014262,9013626,-19,0,cf9bb8b440276707977a0af97aedbb70bbb51c4bc30651d45beb10efa536a5a6,1572,1572,58,219120,214120,10820,39.78,2060,cf9bb8b440276707977a0af97aedbb70bbb51c4bc30651d45beb10efa536a5a6,1
s1,ML-KEM-1024,6,3074582,4080347,19220,25503,114563,67072,1314,68684,16012755,8941176,-19,0,d1fcbbdb0014eae1507bfe359c66a48b66d815756c9216dd70dfc160c8443c9e,1572,1572,58,218908,213684,10820,39.04,2277,d1fcbbdb0014eae1507bfe359c66a48b66d815756c9216dd70dfc160c8443c9e,1
s1,ML-KEM-1024,7,3075314,4090240,19223,25565,113106,65450,1622,67601,16010795,8939209,-18,0,8eac9d82342a55c2eb0f542b37d8c4bd6c53e0c332176fe3a31bf657e4e4d34f,1572,1572,58,218924,213684,10820,39.60,2091,8eac9d82342a55c2eb0f542b37d8c4bd6c53e0c332176fe3a31bf657e4e4d34f,1
s1,ML-KEM-1024,8,3073474,4074007,19211,25464,112934,65427,23,68687,16012509,8943862,-19,0,5a18c154e587437463c340d93861b0401d6ed0564a8a6554799bb4be8c7af66f,1572,1572,58,218924,213684,10820,39.56,2034,5a18c154e587437463c340d93861b0401d6ed0564a8a6554799bb4be8c7af66f,1
s1,ML-KEM-1024,9,3073638,4110418,19212,25691,114618,66862,1435,68429,16012887,8965434,-19,0,a1a62008bcb07cd9f10f6571154ce42883bc04716b00f4c3f8e5d3d9fd5db794,1572,1572,58,218924,213684,10820,39.18,2037,a1a62008bcb07cd9f10f6571154ce42883bc04716b00f4c3f8e5d3d9fd5db794,1
s1,ML-KEM-1024,10,3073882,4073069,19215,25457,111981,64437,2425,67807,16011639,8952843,-19,0,2fb77164be232e533ab7d0ee0c7e2184112f15b4b889e9dabc79392300a08dcf,1572,1572,58,218924,213684,10820,39.89,2358,2fb77164be232e533ab7d0ee0c7e2184112f15b4b889e9dabc79392300a08dcf,1
s1,ML-KEM-1024,11,3073324,4200004,19210,26251,112985,67426,2989,68335,16013973,8962604,-18,0,74fdcc6712e7b104d343193f888bd9b717f5ef9a2ee44f6e86ed4467ff1e1c98,1572,1572,58,218924,213684,10820,40.24,2298,74fdcc6712e7b104d343193f888bd9b717f5ef9a2ee44f6e86ed4467ff1e1c98,1
s1,ML-KEM-1024,12,3073438,4191913,19211,26200,109990,64485,2941,66997,16012434,8978258,-18,0,485e9cddee01f4890653f5ecdfc32e2f0b50414d3a23d1325b3be9e4d453a83f,1572,1572,58,218924,213684,10820,41.29,2032,485e9cddee01f4890653f5ecdfc32e2f0b50414d3a23d1325b3be9e4d453a83f,1
s1,ML-KEM-1024,13,3092488,4081717,19330,25512,114864,67179,2694,69102,16015531,8974000,-18,0,9d9fa6c60acd6a0c77f8665a601ba54e9f6882ae7ac07183012d7b748daa1858,1572,1572,58,218924,213684,10820,39.04,2032,9d9fa6c60acd6a0c77f8665a601ba54e9f6882ae7ac07183012d7b748daa1858,1
s1,ML-KEM-1024,14,3074252,4076157,19216,25477,116761,69253,2074,70774,16014031,8969492,-19,0,865bf03fe5907f8e9fbe3c5cefb4c4abff2f9ef80d07aa52eca3a7f97d42a03a,1572,1572,58,218924,213684,10820,38.28,2115,865bf03fe5907f8e9fbe3c5cefb4c4abff2f9ef80d07aa52eca3a7f97d42a03a,1
s1,ML-KEM-1024,15,3075792,4077300,19226,25484,111740,64349,4904,67923,15987714,8952283,-19,0,1c0c5c2b9aaa67c280944c93509b446e6479f66591ab27a894c82993ac6e4671,1572,1572,58,218924,213684,10820,40.01,2092,1c0c5c2b9aaa67c280944c93509b446e6479f66591ab27a894c82993ac6e4671,1
s1,ML-KEM-1024,16,3074772,4103330,19220,25647,116532,68798,4449,71394,16033876,8958190,-18,0,83b5d1c7cbba9643e24d9109c911ec7b70fe0c1199d35dda81f108c19be643d3,1572,1572,58,218924,213684,10820,38.50,2159,83b5d1c7cbba9643e24d9109c911ec7b70fe0c1199d35dda81f108c19be643d3,1
s1,ML-KEM-1024,17,3073502,4075818,19211,25475,113295,65791,3007,67970,15989547,8956810,-18,0,7125954401b63c83d213b5fb80442171bafc607fc4a38462d930fa422f3e42b7,1572,1572,58,218924,213684,10820,39.44,2608,7125954401b63c83d213b5fb80442171bafc607fc4a38462d930fa422f3e42b7,1
s1,ML-KEM-1024,18,3073594,4133343,19212,25834,292151,244432,178641,169857,16042121,8950824,-18,0,44e4862825e84d916df75fbf150cdead75548505d375de3924a301bb49dd0a1c,1572,1572,58,218904,213684,10820,15.42,2076,44e4862825e84d916df75fbf150cdead75548505d375de3924a301bb49dd0a1c,1
s1,ML-KEM-1024,19,3073520,4205259,19213,26284,133472,86846,157586,82008,16028034,8982244,-18,0,3f3d2af32c84aebfbe59e8a308e9d8aa2193cd86befef40b5af61412e6944acf,1572,1572,58,218904,213684,10820,34.09,4698,3f3d2af32c84aebfbe59e8a308e9d8aa2193cd86befef40b5af61412e6944acf,1
s1,ML-KEM-1024,20,3073912,4073851,19214,25462,117013,69453,17393,71310,15987970,8956903,-19,0,751d70ece8839d42abc7432305891241740ba4b3242b3c983dc8b31b5ea25718,1572,1572,58,218904,213684,10820,38.18,2056,751d70ece8839d42abc7432305891241740ba4b3242b3c983dc8b31b5ea25718,1
s1,ML-KEM-1024,21,3073262,4077070,19210,25483,114325,66882,2571,69274,16013079,8976961,-18,0,ae039386c41319f5b875598e17cb4b63ead70abc1ce7185fb35f514c30215d2e,1572,1572,58,218904,213684,10820,39.09,2250,ae039386c41319f5b875598e17cb4b63ead70abc1ce7185fb35f514c30215d2e,1
s1,ML-KEM-1024,22,3073332,4077382,19210,25484,117389,69920,3038,71170,15986280,8954073,-18,0,e55471f19fe73df8b22a3c66fb7f24f6bd57e3adac9bdf42eab181fa0e505966,1572,1572,58,218904,213684,10820,38.07,2051,e55471f19fe73df8b22a3c66fb7f24f6bd57e3adac9bdf42eab181fa0e505966,1
s1,ML-KEM-1024,23,3091492,4208643,19324,26305,114076,68349,1571,70345,16033329,9014132,-18,0,ec811adba114cb6cb022f23f553141c97df2b62a0567bd37cc7e0d16cad82c7f,1572,1572,58,218912,213684,10820,40.00,2268,ec811adba114cb6cb022f23f553141c97df2b62a0567bd37cc7e0d16cad82c7f,1
s1,ML-KEM-1024,24,3072900,4070052,19208,25439,113348,65889,2460,69410,16010622,8969514,-19,0,53fc1d92f5e84b5ff70a6ae0df1d7899c433048be302a6c562c7872ce3e72994,1572,1572,58,218904,213684,10820,39.39,2033,53fc1d92f5e84b5ff70a6ae0df1d7899c433048be302a6c562c7872ce3e72994,1
s1,ML-KEM-1024,25,3073252,4068234,19210,25427,117081,69640,3751,70421,16011382,8972171,-18,0,1b892a9a895b6fdec35b1fb5cee9ddd9379056ee6a9e2902f1b0a258975ad957,1572,1572,58,218924,213684,10820,38.12,2050,1b892a9a895b6fdec35b1fb5cee9ddd9379056ee6a9e2902f1b0a258975ad957,1
s1,ML-KEM-1024,26,3073756,4216183,19213,26353,113830,68163,1477,69797,16008286,8980146,-18,0,ecca1df432939fc6ebd8414aae6505e251816c231f86611a1e4f70c4a2b225b4,1572,1572,58,218924,213684,10820,40.03,2087,ecca1df432939fc6ebd8414aae6505e251816c231f86611a1e4f70c4a2b225b4,1
s1,ML-KEM-1024,27,3073552,4093077,19212,25583,113111,65445,2718,67458,16012708,9012192,-19,0,98692be143a4807420e828cf54d5bd3c563f50e0c61f7394976d79d174ba1e8b,1572,1572,58,218924,213684,10820,39.60,2037,98692be143a4807420e828cf54d5bd3c563f50e0c61f7394976d79d174ba1e8b,1
s1,ML-KEM-1024,28,3073978,4105930,19215,25663,116504,68897,3452,71735,16014529,9009663,-19,0,c5fbd94c88547b871e6b34951a64fe35dbccf3a2a64076b9918d9bd23ae144f0,1572,1572,58,218924,213684,10820,38.52,2038,c5fbd94c88547b871e6b34951a64fe35dbccf3a2a64076b9918d9bd23ae144f0,1
s1,ML-KEM-1024,29,3073784,4073493,19214,25461,112004,64441,4456,68033,16009944,8982050,-18,0,1cfc0799ae17830c58b8d247ecce1ea729ed3408f07ff7fbbf4a8e637d20249f,1572,1572,58,218924,213684,10820,39.89,2026,1cfc0799ae17830c58b8d247ecce1ea729ed3408f07ff7fbbf4a8e637d20249f,1
s1,ML-KEM-1024,30,3097242,4231459,19360,26447,112127,66053,1612,67345,16011270,9008660,-18,0,e5bef410634c4589e525f57e92d0e41460715ecd164f78e96615d92fa257d25c,1572,1572,58,218924,213684,10820,40.85,2517,e5bef410634c4589e525f57e92d0e41460715ecd164f78e96615d92fa257d25c,1
s1,ML-KEM-1024,31,3075156,4072906,19222,25456,114325,66915,862,69004,16013692,9027498,-18,0,543ea9abdd13e51346d05a91feca166fd486a5e2bd145160dd69e252db827007,1572,1572,58,218924,213684,10820,39.08,2033,543ea9abdd13e51346d05a91feca166fd486a5e2bd145160dd69e252db827007,1
s1,ML-KEM-1024,32,3074374,4076295,19217,25478,117242,69764,2849,71164,16010645,9000872,-18,0,bb2f4a26e2a7e0f3b2a82204fd33b2f4803f25d4910f9b1432e7c4d59f47c532,1572,1572,58,218924,213684,10820,38.12,2049,bb2f4a26e2a7e0f3b2a82204fd33b2f4803f25d4910f9b1432e7c4d59f47c532,1
s1,ML-KEM-1024,33,3072728,4092080,19208,25576,166564,119114,49350,102524,16028005,9041472,-18,0,f65e5575fbf75cd705240e040d1c4a3140e70a3ccce3bb59849422ed4d07ebc7,1572,1572,58,218924,213684,10820,26.89,2048,f65e5575fbf75cd705240e040d1c4a3140e70a3ccce3bb59849422ed4d07ebc7,1
s1,ML-KEM-1024,34,3072036,4069268,19202,25434,114312,67094,52020,69400,16144558,9087348,-18,0,c6876fe1fd9f306f5c57878c4d75fcc26a97f516afb805068243bc22a89d0481,1572,1572,58,218924,213684,10820,39.05,2076,c6876fe1fd9f306f5c57878c4d75fcc26a97f516afb805068243bc22a89d0481,1
s1,ML-KEM-1024,35,3073934,4197047,19214,26233,111605,66075,1019,68590,16011153,8986610,-19,0,7edc18104d6d2812dd4bdc9a20307e256e8d4a93d97e57572c271b6988bd5942,1572,1572,58,218924,213684,10820,40.72,2211,7edc18104d6d2812dd4bdc9a20307e256e8d4a93d97e57572c271b6988bd5942,1
s1,ML-KEM-1024,36,3073368,4225061,19210,26408,113104,67397,1322,69681,16015156,8995971,-18,0,05e252de2a030c0973a30edb89350422a1ebe9e7c2bdc9c50d305d0d15579d79,1572,1572,58,218904,213684,10820,40.33,2036,05e252de2a030c0973a30edb89350422a1ebe9e7c2bdc9c50d305d0d15579d79,1
s1,ML-KEM-1024,37,3075088,4078768,19221,25494,113006,65437,1960,67582,15997457,8989796,-18,0,521210dbb20a6a4933cdccd617a31a1a402cc8cfe4a468b02492e7d0d200164a,1572,1572,58,218904,213684,10820,39.57,2070,521210dbb20a6a4933cdccd617a31a1a402cc8cfe4a468b02492e7d0d200164a,1
s1,ML-KEM-1024,38,3094920,4137859,19346,25864,117249,69253,3816,72454,16033088,9014487,-18,0,b7cdd3f09a9e1128c674bcba87f9cc61e6c927935c8c5a70b790f9317f96cddf,1572,1572,58,218904,213684,10820,38.56,2054,b7cdd3f09a9e1128c674bcba87f9cc61e6c927935c8c5a70b790f9317f96cddf,1
s1,ML-KEM-1024,39,3089972,4078722,19314,25493,114732,67255,1998,69632,15986864,8982600,-19,0,b90393563548fcef07ce8e075047ce3b2d973955ad203f25853be7ff038cbbb9,1572,1572,58,218912,213684,10820,39.05,2017,b90393563548fcef07ce8e075047ce3b2d973955ad203f25853be7ff038cbbb9,1
s1,ML-KEM-1024,40,3073308,4115539,19211,25723,116759,69071,1816,71852,15988379,8980024,-19,0,5dabf6fd7c0301752ce9a483f9a2e47781b6b3b55e598bd02d7253d923550726,1572,1572,58,218904,213684,10820,38.48,2154,5dabf6fd7c0301752ce9a483f9a2e47781b6b3b55e598bd02d7253d923550726,1
s1,ML-KEM-1024,41,3074327,4197393,19217,26235,114696,69155,84,69547,16057548,9042896,-18,0,27f9e070c3fd233f8b1553d2a95bfbc6655c8676352354eae878219810a47d54,1572,1572,58,218904,213684,10820,39.63,2456,27f9e070c3fd233f8b1553d2a95bfbc6655c8676352354eae878219810a47d54,1
s1,ML-KEM-1024,42,3094706,4094670,19344,25593,115947,68098,1057,71358,16001887,9005881,-18,0,8ce82d0fda3d569f12c03024ef3f0249f304b6339b771196c2680cde92947429,1572,1572,58,218904,213684,10820,38.76,2090,8ce82d0fda3d569f12c03024ef3f0249f304b6339b771196c2680cde92947429,1
s1,ML-KEM-1024,43,3073562,4108591,19212,25680,113225,65468,2630,68310,16010847,9007750,-18,0,7ac16aa3bf0e1f6578a8ae2c38a842dd84243ac3152cb964368b6bb0725a7a14,1572,1572,58,218904,213684,10820,39.65,2050,7ac16aa3bf0e1f6578a8ae2c38a842dd84243ac3152cb964368b6bb0725a7a14,1
s1,ML-KEM-1024,44,3073836,4099426,19213,25622,114446,66882,1414,69952,16012423,9004073,-18,0,689122297252ea979ae66e2758084a5f59b6f320c4958258d77fea04a8721eb7,1572,1572,58,218904,213684,10820,39.18,2074,689122297252ea979ae66e2758084a5f59b6f320c4958258d77fea04a8721eb7,1
s1,ML-KEM-1024,45,3074724,4194356,19219,26216,113728,68191,1309,70304,16010657,9000072,-19,0,3bb000fdab6ad51df935dddfb149b68a199b7f6251d19e5dbd5ef2fdae529efb,1572,1572,58,218904,213684,10820,39.95,2080,3bb000fdab6ad51df935dddfb149b68a199b7f6251d19e5dbd5ef2fdae529efb,1
s1,ML-KEM-1024,46,3074132,4072124,19215,25452,126561,79210,11019,77544,15990813,9029208,-18,0,430dbf1ad9492c9dde7d6224edefc14651885da68bc99080a07f7dadb5e900fb,1572,1572,58,218904,213684,10820,35.29,2076,430dbf1ad9492c9dde7d6224edefc14651885da68bc99080a07f7dadb5e900fb,1
s1,ML-KEM-1024,47,3073830,4244057,19213,26527,129008,83166,3956,80161,16024823,9004377,-18,0,5198531b3e3977cf0768170486450bc6b1d33479d93332f37c628bfd2bf8fe59,1572,1572,58,218912,213684,10820,35.46,2279,5198531b3e3977cf0768170486450bc6b1d33479d93332f37c628bfd2bf8fe59,1
s1,ML-KEM-1024,48,3074072,4092065,19215,25578,112640,65076,18090,67992,16197998,9128066,-18,0,0ee7a82d7a6a56aea16d3c4c04414e4d7a2249da6bbed9063b741bbc306fb599,1572,1572,58,218904,213684,10820,39.77,2044,0ee7a82d7a6a56aea16d3c4c04414e4d7a2249da6bbed9063b741bbc306fb599,1
s1,ML-KEM-1024,49,3072860,4288704,19207,26805,115344,68186,3110,70164,15987495,8981675,-18,0,27bbce16b06794e602c8d7107513aa763a81f5395f15946f8fd580b1f0c68acf,1572,1572,58,218904,213684,10820,39.89,2209,27bbce16b06794e602c8d7107513aa763a81f5395f15946f8fd580b1f0c68acf,1
s1,ML-KEM-1024,50,3073562,4074969,19211,25469,116861,69341,1155,70387,16035081,9016961,-19,0,2018321d620580cb09baa93a85f5bb069ff76bbdfaa4663d7ee3cb58130f8b71,1572,1572,58,218904,213684,10820,38.23,2894,2018321d620580cb09baa93a85f5bb069ff76bbdfaa4663d7ee3cb58130f8b71,1
s1,ML-KEM-1024,51,3074086,4066197,19215,25414,114011,66602,2739,68782,16009560,8994072,-18,0,084b24fba88c83624b400dfc066770a27b692b4565a04a3fce5ad6c59306df1d,1572,1572,58,218924,213684,10820,39.14,2030,084b24fba88c83624b400dfc066770a27b692b4565a04a3fce5ad6c59306df1d,1
s1,ML-KEM-1024,52,3074310,4082739,19216,25519,113521,66064,538,68639,15987870,8992275,-18,0,2fa61a16ab5ab84812019062b01b0edd0a82b282cf04c39ddc77786678f7616a,1572,1572,58,218924,213684,10820,39.41,2027,2fa61a16ab5ab84812019062b01b0edd0a82b282cf04c39ddc77786678f7616a,1
s1,ML-KEM-1024,53,3074808,4106556,19221,25668,112901,65186,878,68529,16036554,8999540,-18,0,baa7f2fbaaf5fbd8695f8a6bef37c09cbb0f32f543eab86b56e8228082f9cba1,1572,1572,58,218924,213684,10820,39.76,2053,baa7f2fbaaf5fbd8695f8a6bef37c09cbb0f32f543eab86b56e8228082f9cba1,1
s1,ML-KEM-1024,54,3073132,4103070,19209,25645,112137,64400,786,67697,16012152,8986809,-18,0,74ccf1d7a483317b177afc302113b264c4bdf86547bded75f4b3c48c85f7692b,1572,1572,58,218924,213684,10820,40.00,2019,74ccf1d7a483317b177afc302113b264c4bdf86547bded75f4b3c48c85f7692b,1
s1,ML-KEM-1024,55,3185776,4209431,19913,26310,112021,65707,1307,67492,15995669,8991588,-18,0,1d0803556a3f2046670187c9d69f5c1c833c886daa0fa5921c14241b924581a1,1572,1572,58,218904,213684,10820,41.26,2469,1d0803556a3f2046670187c9d69f5c1c833c886daa0fa5921c14241b924581a1,1
s1,ML-KEM-1024,56,3073398,4283385,19211,26772,113488,66386,679,68927,16032889,9002855,-18,0,fdc2be97a9476b199a8afa5f70d6a1c85ef29a73eab59989d97658626cab2602,1572,1572,58,218904,213684,10820,40.52,2950,fdc2be97a9476b199a8afa5f70d6a1c85ef29a73eab59989d97658626cab2602,1
s1,ML-KEM-1024,57,3073562,4074869,19212,25469,114963,67394,1008,69701,16009988,9000131,-18,0,65cf98ff6a502ff852ac4e20d5243c2cb01accb9ace77170153ed7c9513fe275,1572,1572,58,218904,213684,10820,38.87,2100,65cf98ff6a502ff852ac4e20d5243c2cb01accb9ace77170153ed7c9513fe275,1
s1,ML-KEM-1024,58,3075936,4287189,19227,26796,113366,66199,1195,69002,15987468,8975280,-18,0,b6abc8feb94abad82fc8b24921e22affe6e26f54596547713a12c6cb3e9538cd,1572,1572,58,218904,213684,10820,40.60,2368,b6abc8feb94abad82fc8b24921e22affe6e26f54596547713a12c6cb3e9538cd,1
s1,ML-KEM-1024,59,3170652,4113212,19819,25709,115018,66704,505,69076,15987757,9004284,-19,0,f566e1f1debb4d9df0a1c1475e69a39fd485489f2320573c7a6173a3e47b0363,1572,1572,58,218904,213684,10820,39.58,2031,f566e1f1debb4d9df0a1c1475e69a39fd485489f2320573c7a6173a3e47b0363,1
s1,ML-KEM-1024,60,3073364,4073642,19211,25461,128081,80549,13845,78518,16060356,9024074,-18,0,c70a3e6ec94abb01cf58ae8a5607f86939cfa53e6d0550f553a2020ef7f33fad,1572,1572,58,218904,213684,10820,34.88,2029,c70a3e6ec94abb01cf58ae8a5607f86939cfa53e6d0550f553a2020ef7f33fad,1
s1,ML-KEM-1024,61,3073064,4284361,19209,26778,116502,69395,11154,71042,15996812,9005711,-18,0,868f93ba4022773b218d8479f65cee4aa5c9c6e2eb73eef4285dee41ae2af020,1572,1572,58,218904,213684,10820,39.47,2043,868f93ba4022773b218d8479f65cee4aa5c9c6e2eb73eef4285dee41ae2af020,1
s1,ML-KEM-1024,62,3074040,4212934,19215,26332,123055,77409,8014,74325,16008922,9011854,-18,0,2d3cd800fe78611e62820432c1cdecfaafbf7e3722b8f81a735cb70c2ad7dd59,1572,1572,58,218904,213684,10820,37.01,2054,2d3cd800fe78611e62820432c1cdecfaafbf7e3722b8f81a735cb70c2ad7dd59,1
s1,ML-KEM-1024,63,3073802,4079441,19213,25497,115572,68090,9319,69811,16003225,9002732,-18,0,0f86c43f51c1c5e67aad3b3dabe1299fea79ad70c779c97f049619d2719cfe27,1572,1572,58,218904,213684,10820,38.69,2122,0f86c43f51c1c5e67aad3b3dabe1299fea79ad70c779c97f049619d2719cfe27,1
s1,ML-KEM-1024,64,3074142,4071292,19217,25447,114196,66724,1366,69201,16011082,9008973,-18,0,d9586df36c6f9229c9f30f96c9d49ad203c60d9d9409aa38b10b33220bbfa4e6,1572,1572,58,218904,213684,10820,39.11,2058,d9586df36c6f9229c9f30f96c9d49ad203c60d9d9409aa38b10b33220bbfa4e6,1
s1,ML-KEM-1024,65,3074102,4076533,19216,25480,115032,67459,735,69089,16011002,9021459,-18,0,777ad008fb079cc6c3a6939fc7e07f2342f4ccd247d6ac5a8d687649a843fa79,1572,1572,58,218904,213684,10820,38.86,2054,777ad008fb079cc6c3a6939fc7e07f2342f4ccd247d6ac5a8d687649a843fa79,1
s1,ML-KEM-1024,66,3191142,4075968,19947,25476,120984,72726,5267,73029,16011216,8987293,-18,0,2a023473665e07f9d4f6de0204a3e8d80c5e07c527f934156022a972e8fa8780,1572,1572,58,218904,213684,10820,37.54,2057,2a023473665e07f9d4f6de0204a3e8d80c5e07c527f934156022a972e8fa8780,1
s1,ML-KEM-1024,67,3075734,4104124,19226,25652,114836,67432,5294,71148,16005516,9008882,-18,0,b86e5d2efe9b11ff8b9f20a44d4b9eb2f6b5c35db7cadd5648e29de30fa3bd5f,1572,1572,58,218904,213684,10820,39.08,2047,b86e5d2efe9b11ff8b9f20a44d4b9eb2f6b5c35db7cadd5648e29de30fa3bd5f,1
s1,ML-KEM-1024,68,3073508,4069483,19212,25435,114238,66819,613,68584,16010338,9001719,-18,0,8cea0ca267d528817d931f07eb6f2f86b06835d42d6fe617857a97257f6d8b64,1572,1572,58,218904,213684,10820,39.08,2055,8cea0ca267d528817d931f07eb6f2f86b06835d42d6fe617857a97257f6d8b64,1
s1,ML-KEM-1024,69,3074636,4084267,19218,25527,113373,65889,930,68648,16011377,9035286,-18,0,15f37b4366612d02258fe334409d7b874edc15689a7395a24a09dfc8fb4b805f,1572,1572,58,218904,213684,10820,39.47,2041,15f37b4366612d02258fe334409d7b874edc15689a7395a24a09dfc8fb4b805f,1
s1,ML-KEM-1024,70,3073138,4076620,19210,25480,119354,71918,6029,73340,16013565,9046908,-18,0,0485a383ff28fef1a7fd4c5d37f0742fa13909732681750dee874268cd8280a6,1572,1572,58,218904,213684,10820,37.44,4180,0485a383ff28fef1a7fd4c5d37f0742fa13909732681750dee874268cd8280a6,1
s1,ML-KEM-1024,71,3092478,4074268,19330,25465,112025,64348,7570,67653,15986630,9010286,-18,0,8485a8fdd901c36c288fb2da1f0d1f8d828e171736bca719ccc209e9a71a6587,1572,1572,58,218904,213684,10820,39.99,2032,8485a8fdd901c36c288fb2da1f0d1f8d828e171736bca719ccc209e9a71a6587,1
s1,ML-KEM-1024,72,3073548,4077430,19213,25485,113348,65897,1549,68493,16032364,9031886,-18,0,72e1b870fe21cb3e22fc24be665e2a24f681c13cc18eb60ccd9f70e67cb5c19d,1572,1572,58,218904,213684,10820,39.43,2060,72e1b870fe21cb3e22fc24be665e2a24f681c13cc18eb60ccd9f70e67cb5c19d,1
s1,ML-KEM-1024,73,3219500,4236773,20124,26480,148013,101308,35411,89861,16011997,9014352,-18,0,f0bbdb69915571e47d683222a82dfda4a6766326eeb56fd1d314e916bc5c2df1,1572,1572,58,218904,213684,10820,31.49,2086,f0bbdb69915571e47d683222a82dfda4a6766326eeb56fd1d314e916bc5c2df1,1
s1,ML-KEM-1024,74,3074284,4109352,19216,25685,126613,78889,22419,78380,16196600,9140697,-18,0,f36d9155aa2534b989c7438cea1ca879466c8fca0b256b142fc5c91acfb2eded,1572,1572,58,218920,213684,10820,35.46,2056,f36d9155aa2534b989c7438cea1ca879466c8fca0b256b142fc5c91acfb2eded,1
s1,ML-KEM-1024,75,3074534,4225693,19218,26411,112221,66492,12397,68006,16154033,9081860,-19,0,a215322e47f5904eaccf5aca8a9ddd006de94488206fdc890d0ab8d1d76a220c,1572,1572,58,218920,213684,10820,40.66,2057,a215322e47f5904eaccf5aca8a9ddd006de94488206fdc890d0ab8d1d76a220c,1
s1,ML-KEM-1024,76,3085032,4193434,19283,26210,113715,68124,1632,68955,15988868,8981852,-19,0,a48b03ccb501424795d54bd7830375e8322c7942ce078f6f765d85f0799759fb,1572,1572,58,218920,213684,10820,40.01,2058,a48b03ccb501424795d54bd7830375e8322c7942ce078f6f765d85f0799759fb,1
s1,ML-KEM-1024,77,3073440,4072006,19211,25451,113242,65744,2380,68031,16074087,9033141,-19,0,c45238548a89fe4ba452c420d7b90c1a1396a8b70193974a0740ed99009ec5d3,1572,1572,58,218904,213684,10820,39.44,2252,c45238548a89fe4ba452c420d7b90c1a1396a8b70193974a0740ed99009ec5d3,1
s1,ML-KEM-1024,78,3075142,4197299,19222,26234,111741,66187,443,68579,16014839,8990476,-19,0,a226d26454b7cccc2579705eb97698c229a3499f80ce7329dc3bbdcc1a85ce0f,1572,1572,58,218904,213684,10820,40.68,2045,a226d26454b7cccc2579705eb97698c229a3499f80ce7329dc3bbdcc1a85ce0f,1
s1,ML-KEM-1024,79,3185966,4198055,19914,26239,131726,85492,19305,80991,16012909,8996048,-19,0,3f50dfbf73735af87507aa0e96591589fea98422598a28a3fea38fbc9b71a32b,1572,1572,58,218904,213684,10820,35.04,2399,3f50dfbf73735af87507aa0e96591589fea98422598a28a3fea38fbc9b71a32b,1
s1,ML-KEM-1024,80,3072020,4070265,19204,25440,116200,68765,16727,70526,16199100,9108971,-19,0,fb7b5e4e9d760f0125fc736c6fc14e485045e99d8eb5b89952e66ddb7f17000f,1572,1572,58,218904,213684,10820,38.42,2134,fb7b5e4e9d760f0125fc736c6fc14e485045e99d8eb5b89952e66ddb7f17000f,1
s1,ML-KEM-1024,81,3095008,4091696,19346,25574,112385,64859,3906,69292,15987000,8993905,-18,0,5e1dd6a9686e743b3fb7af026639c113578f288ca5d8ada8cd021d1822681d5e,1572,1572,58,218904,213684,10820,39.97,2036,5e1dd6a9686e743b3fb7af026639c113578f288ca5d8ada8cd021d1822681d5e,1
s1,ML-KEM-1024,82,3072002,4191333,19202,26197,113997,68466,3607,71102,16034799,9030448,-18,0,153824a6342b1af0fe125f6ca8e0ded1bbf3c8515b1f7d1ddb8531fdaf0b02f9,1572,1572,58,218904,213684,10820,39.82,2231,153824a6342b1af0fe125f6ca8e0ded1bbf3c8515b1f7d1ddb8531fdaf0b02f9,1
s1,ML-KEM-1024,83,3073458,4093856,19212,25588,119168,71635,3169,73581,16012034,8996776,-18,0,e28709aafb1f809aa1c186b7b507df1f0a045d49de15d8b19b410935a4b219e7,1572,1572,58,218904,213684,10820,37.59,2047,e28709aafb1f809aa1c186b7b507df1f0a045d49de15d8b19b410935a4b219e7,1
s1,ML-KEM-1024,84,3073180,4238315,19211,26491,113284,67485,4150,69483,16011911,9003338,-18,0,5967c5fca4694b3621c44418b95e63ca4d6bc35094ff5a28329ac3f569db3d18,1572,1572,58,218904,213684,10820,40.34,2044,5967c5fca4694b3621c44418b95e63ca4d6bc35094ff5a28329ac3f569db3d18,1
s1,ML-KEM-1024,85,3073512,4196089,19211,26227,113916,68383,898,70790,16006740,9022917,-18,0,6ebf1b59a2e61114820bf6120fc11564c9728457dfe06d06990a878aa8c8a293,1572,1572,58,218904,213684,10820,39.89,2605,6ebf1b59a2e61114820bf6120fc11564c9728457dfe06d06990a878aa8c8a293,1
s1,ML-KEM-1024,86,3120002,4239100,19502,26495,112981,66868,1515,67632,16011865,9008472,-19,0,f5a7eeec3236d3378675bafa893909db334f71bbafb167167c99820ec97a88b6,1572,1572,58,218904,213684,10820,40.71,2039,f5a7eeec3236d3378675bafa893909db334f71bbafb167167c99820ec97a88b6,1
s1,ML-KEM-1024,87,3073308,4083089,19210,25520,114505,67022,154,69104,15989659,9018368,-18,0,4e1d5e305ff8a36390116f2ebdc64bbdd0624b1b935b89a3259815c7c52d6ed7,1572,1572,58,218904,213684,10820,39.06,2129,4e1d5e305ff8a36390116f2ebdc64bbdd0624b1b935b89a3259815c7c52d6ed7,1
s1,ML-KEM-1024,88,3094960,4219945,19347,26376,111787,65969,1053,67841,16039476,9011744,-19,0,b57f1c6c1fb3f695b2466cff9b2b3008eb2fbf5714dbc6e6242bf88b592a187e,1572,1572,58,218904,213684,10820,40.90,2043,b57f1c6c1fb3f695b2466cff9b2b3008eb2fbf5714dbc6e6242bf88b592a187e,1
s1,ML-KEM-1024,89,3130744,4099328,19569,25622,115535,67614,1645,70738,16009906,9004073,-18,0,51cb19b7b7c0ff015b29f99aef19180a9d89b8bd528d1d9cd2b5038be1699eb4,1572,1572,58,218904,213684,10820,39.11,2191,51cb19b7b7c0ff015b29f99aef19180a9d89b8bd528d1d9cd2b5038be1699eb4,1
s1,ML-KEM-1024,90,3073796,4082287,19213,25515,113981,66382,1232,68491,16011130,9002704,-18,0,f7189a9ae80852a560f3d182236325b9ef29f22202b4ca274d0205d2a177462b,1572,1572,58,218904,213684,10820,39.24,2039,f7189a9ae80852a560f3d182236325b9ef29f22202b4ca274d0205d2a177462b,1
s1,ML-KEM-1024,91,3095914,4092168,19352,25577,111420,63684,2698,68634,16011562,9000202,-18,0,c08adc23b09507d4e567a54c80e89d6fdc968746c0e06018f2e7f13037b89cd8,1572,1572,58,218904,213684,10820,40.32,2063,c08adc23b09507d4e567a54c80e89d6fdc968746c0e06018f2e7f13037b89cd8,1
s1,ML-KEM-1024,92,3073446,4076267,19211,25478,112561,65243,1559,68672,16015074,9003020,-18,0,fd61f4a3be0088b64e498d462a8f47feaef6fd9dc8a328b8da81933e46d8adb7,1572,1572,58,218904,213684,10820,39.70,2047,fd61f4a3be0088b64e498d462a8f47feaef6fd9dc8a328b8da81933e46d8adb7,1
s1,ML-KEM-1024,93,3073500,4077218,19211,25484,113839,66441,1198,69146,16013611,9023253,-19,0,e19e99b01f8917c71ff6909bd40344665202b7304c92caefa926deb62d369c3a,1572,1572,58,218904,213684,10820,39.26,2125,e19e99b01f8917c71ff6909bd40344665202b7304c92caefa926deb62d369c3a,1
s1,ML-KEM-1024,94,3075818,4070010,19226,25438,116317,68943,2502,70258,16011647,9005888,-18,0,2ec9a6a88273050f46ceefd950bb5008780276d99265b9738be6411cf82ad446,1572,1572,58,218904,213684,10820,38.40,2056,2ec9a6a88273050f46ceefd950bb5008780276d99265b9738be6411cf82ad446,1
s1,ML-KEM-1024,95,3074394,4076277,19217,25478,113037,65472,3471,68275,16009365,9002512,-19,0,3dd2af596a83c76d52da94b9df7ebb64854459848e50bbb2458a00cabb0b5971,1572,1572,58,218904,213684,10820,39.54,2121,3dd2af596a83c76d52da94b9df7ebb64854459848e50bbb2458a00cabb0b5971,1
s1,ML-KEM-1024,96,3182668,4072462,19894,25453,112523,64658,814,68817,16012642,9001660,-18,0,298bc603a3b67b398af0cc7269b6720f63c0a966e542795825ed8aece928daac,1572,1572,58,218904,213684,10820,40.30,2133,298bc603a3b67b398af0cc7269b6720f63c0a966e542795825ed8aece928daac,1
s1,ML-KEM-1024,97,3073182,4243854,19210,26525,111252,65436,778,66949,15988484,8993423,-19,0,308429091ccecfe97281d85d658b364858a6f5e3d6923a58a5076fad66b6e7fc,1572,1572,58,218904,213684,10820,41.11,2043,308429091ccecfe97281d85d658b364858a6f5e3d6923a58a5076fad66b6e7fc,1
s1,ML-KEM-1024,98,3075094,4092966,19222,25582,112426,64939,497,68574,16041180,9010326,-18,0,f4cddaf5538d8399438dfccff8ec3c02ecb1d9f34629b5eeef5684f44eaf173a,1572,1572,58,218904,213684,10820,39.85,2399,f4cddaf5538d8399438dfccff8ec3c02ecb1d9f34629b5eeef5684f44eaf173a,1
s1,ML-KEM-1024,99,3074834,4074204,19220,25465,113220,65753,814,68600,16011855,8998469,-19,0,1142bf3786eaabc01d5515e5e28dd6960f1bcbd8ab5d7e81f18aa9370f14b456,1572,1572,58,218904,213684,10820,39.47,2062,1142bf3786eaabc01d5515e5e28dd6960f1bcbd8ab5d7e81f18aa9370f14b456,1
